{
    "Options": {
        "Post Process Volume": false,
        "Presets": {
            "Preset": "Custom"
        },
        "Tonemapper": {
            "TonemapperType": "Tonemapper_Off",
            "TonemapperRange": 30,
            "TonemapperToeFactor": 80,
            "TonemapperScale": 0
        },
        "Scene": {
            "Scene_ShadowsX": 10,
            "Scene_ShadowsY": 10,
            "Scene_ShadowsZ": 10,
            "Scene_HighLightsX": 160,
            "Scene_HighLightsY": 160,
            "Scene_HighLightsZ": 160,
            "Scene_MidTonesX": 80,
            "Scene_MidTonesY": 80,
            "Scene_MidTonesZ": 80,
            "Scene_Desaturation": 45,
            "SceneColorizeX": 160,
            "SceneColorizeY": 160,
            "SceneColorizeZ": 160,
            "SceneMultiplier": 0
        },
        "Vignette": {
            "VignetteEnabled": false,
            "VignetteBrightness": 146,
            "VignetteColorR": 255,
            "VignetteColorG": 255,
            "VignetteColorB": 255,
            "VignetteColorA": 0
        },
        "MotionBlur": {
            "bEnableMotionBlur": false,
            "MaxVelocity": 140,
            "MotionBlurAmount": 1000,
            "FullMotionBlur": true,
            "CameraRotationThreshold": 19900,
            "CameraTranslationThreshold": 4645000
        },
        "ImageGrain": {
            "bEnableImageGrain": false,
            "SceneImageGrainScale": 2
        },
        "Bloom": {
            "bEnableBloom": false,
            "BloomWeightSmall": 50,
            "BloomWeightMedium": 0,
            "BloomWeightLarge": 100,
            "BloomSizeScaleSmall": 20,
            "BloomSizeScaleMedium": 25,
            "BloomSizeScaleLarge": 90,
            "Bloom_Scale": 550,
            "Bloom_Threshold": 405,
            "Bloom_TintR": 80,
            "Bloom_TintG": 165,
            "Bloom_TintB": 255,
            "Bloom_TintA": 255,
            "Bloom_ScreenBlendThreshold": 20
        },
        "Depth of Field": {
            "Dynamic DoF": false,
            "bEnableDOF": false,
            "bEnableReferenceDOF": true,
            "DepthOfFieldType": "DOFType_SimpleDOF",
            "DepthOfFieldQuality": "DOFQuality_High",
            "DOF_FalloffExponent": 0,
            "DOF_BlurKernelSize": 0,
            "DOF_MaxNearBlurAmount": 0,
            "DOF_MinBlurAmount": 0,
            "DOF_MaxFarBlurAmount": 0,
            "DOF_FocusType": "FOCUS_Distance",
            "DOF_FocusInnerRadius": 0,
            "DOF_FocusDistance": 0
        }
    },
    "AutoEnable": true
}