{
    "Wpn_Equipped": [
        {
            "WeaponTypeDefinition": "GD_Weap_AssaultRifle.A_Weapons.WT_Vladof_AssaultRifle",
            "BalanceDefinition": "GD_Weap_AssaultRifle.A_Weapons_Unique.AR_Dahl_1_GBX",
            "ManufacturerDefinition": "GD_Manufacturers.Manufacturers.Vladof",
            "ManufacturerGradeIndex": 1,
            "BodyPartDefinition": "GD_Weap_AssaultRifle.Body.AR_Body_Gearbox_1",
            "GripPartDefinition": "GD_Weap_AssaultRifle.Grip.AR_Grip_Torgue",
            "BarrelPartDefinition": "GD_Weap_AssaultRifle.Barrel.AR_Barrel_Vladof",
            "SightPartDefinition": "GD_Weap_AssaultRifle.Sight.AR_Sight_None",
            "StockPartDefinition": "GD_Weap_AssaultRifle.Stock.AR_Stock_Dahl",
            "ElementalPartDefinition": "None",
            "Accessory1PartDefinition": "None",
            "Accessory2PartDefinition": "None",
            "MaterialPartDefinition": "GD_Weap_AssaultRifle.ManufacturerMaterials.Mat_Gearbox_1",
            "PrefixPartDefinition": "GD_Weap_AssaultRifle.Name.Prefix.Prefix__Gearbox",
            "TitlePartDefinition": "GD_Weap_AssaultRifle.Name.Title.Title_Rifle",
            "GameStage": 1,
            "UniqueId": 1877419310
        },
        {
            "WeaponTypeDefinition": "GD_Weap_SMG.A_Weapons.WT_SMG_Hyperion",
            "BalanceDefinition": "None",
            "ManufacturerDefinition": "GD_Manufacturers.Manufacturers.Hyperion",
            "ManufacturerGradeIndex": 1,
            "BodyPartDefinition": "GD_Weap_SMG.Body.SMG_Body_Hyperion_VarC",
            "GripPartDefinition": "GD_Weap_SMG.Grip.SMG_Grip_Hyperion",
            "BarrelPartDefinition": "None",
            "SightPartDefinition": "GD_Weap_SMG.Sight.SMG_Sight_Tedior",
            "StockPartDefinition": "GD_Weap_SMG.Stock.SMG_Stock_Hyperion",
            "ElementalPartDefinition": "GD_Weap_SMG.elemental.SMG_Elemental_None",
            "Accessory1PartDefinition": "GD_Weap_SMG.Accessory.SMG_Accessory_Stock1_Stabilized",
            "Accessory2PartDefinition": "None",
            "MaterialPartDefinition": "None",
            "PrefixPartDefinition": "None",
            "TitlePartDefinition": "None",
            "GameStage": 1,
            "UniqueId": 1388905622
        }
    ],
    "Weapons": [
        {
            "WeaponTypeDefinition": "GD_Weap_Pistol.A_Weapons.WeaponType_Dahl_Pistol",
            "BalanceDefinition": "GD_Weap_Pistol.A_Weapons_Unique.Pistol_Dahl_Starter",
            "ManufacturerDefinition": "GD_Manufacturers.Manufacturers.Dahl",
            "ManufacturerGradeIndex": 1,
            "BodyPartDefinition": "GD_Weap_Pistol.Body.Pistol_Body_Dahl",
            "GripPartDefinition": "GD_Weap_Pistol.Grip.Pistol_Grip_Tediore",
            "BarrelPartDefinition": "GD_Weap_Pistol.Barrel.Pistol_Barrel_Bandit_CrappyStarter",
            "SightPartDefinition": "GD_Weap_Pistol.Sight.Pistol_Sight_None",
            "StockPartDefinition": "None",
            "ElementalPartDefinition": "None",
            "Accessory1PartDefinition": "None",
            "Accessory2PartDefinition": "None",
            "MaterialPartDefinition": "GD_Weap_Pistol.ManufacturerMaterials.Mat_Dahl_1_Starter",
            "PrefixPartDefinition": "GD_Weap_Pistol.Name.Prefix.Prefix_U_Crappy",
            "TitlePartDefinition": "GD_Weap_Pistol.Name.Title_Dahl.Title__Repeater",
            "GameStage": 1,
            "UniqueId": 923274502
        },
        {
            "WeaponTypeDefinition": "GD_Weap_SMG.A_Weapons.WT_SMG_Hyperion",
            "BalanceDefinition": "GD_Weap_SMG.A_Weapons_Unique.SMG_Gearbox_1",
            "ManufacturerDefinition": "GD_Manufacturers.Manufacturers.Hyperion",
            "ManufacturerGradeIndex": 1,
            "BodyPartDefinition": "GD_Weap_SMG.Body.SMG_Body_Gearbox_1",
            "GripPartDefinition": "GD_Weap_SMG.Grip.SMG_Grip_Bandit",
            "BarrelPartDefinition": "GD_Weap_SMG.Barrel.SMG_Barrel_Tediore",
            "SightPartDefinition": "GD_Weap_SMG.Sight.SMG_Sight_None",
            "StockPartDefinition": "GD_Weap_SMG.Stock.SMG_Stock_Tediore",
            "ElementalPartDefinition": "None",
            "Accessory1PartDefinition": "None",
            "Accessory2PartDefinition": "None",
            "MaterialPartDefinition": "GD_Weap_SMG.ManufacturerMaterials.Mat_Gearbox_1",
            "PrefixPartDefinition": "GD_Weap_SMG.Name.Prefix.Prefix__Gearbox",
            "TitlePartDefinition": "GD_Weap_SMG.Name.Title_Hyperion.Title__SMG",
            "GameStage": 1,
            "UniqueId": 1387165446
        },
        {
            "WeaponTypeDefinition": "GD_Weap_Pistol.A_Weapons.WeaponType_Jakobs_Pistol",
            "BalanceDefinition": "GD_Weap_Pistol.A_Weapons.Pistol_Jakobs",
            "ManufacturerDefinition": "GD_Manufacturers.Manufacturers.Jakobs",
            "ManufacturerGradeIndex": 1,
            "BodyPartDefinition": "GD_Weap_Pistol.Body.Pistol_Body_Jakobs",
            "GripPartDefinition": "GD_Weap_Pistol.Grip.Pistol_Grip_Dahl",
            "BarrelPartDefinition": "GD_Weap_Pistol.Barrel.Pistol_Barrel_Tediore",
            "SightPartDefinition": "GD_Weap_Pistol.Sight.Pistol_Sight_None",
            "StockPartDefinition": "None",
            "ElementalPartDefinition": "None",
            "Accessory1PartDefinition": "None",
            "Accessory2PartDefinition": "None",
            "MaterialPartDefinition": "GD_Weap_Pistol.ManufacturerMaterials.Mat_Jakobs_1",
            "PrefixPartDefinition": "GD_Weap_Shared_Names.Name.Prefix_Jakobs.Prefix_Grip_Dahl",
            "TitlePartDefinition": "GD_Weap_Pistol.Name.Title_Jakobs.Title__Revolver",
            "GameStage": 1,
            "UniqueId": 1769884992
        },
        {
            "WeaponTypeDefinition": "GD_Weap_SniperRifles.A_Weapons.WeaponType_Jakobs_Sniper",
            "BalanceDefinition": "GD_Weap_SniperRifles.A_Weapons_Unique.Sniper_Gearbox_1",
            "ManufacturerDefinition": "GD_Manufacturers.Manufacturers.Jakobs",
            "ManufacturerGradeIndex": 1,
            "BodyPartDefinition": "GD_Weap_SniperRifles.Body.SR_Body_Gearbox",
            "GripPartDefinition": "GD_Weap_SniperRifles.Grip.SR_Grip_Jakobs",
            "BarrelPartDefinition": "GD_Weap_SniperRifles.Barrel.SR_Barrel_Maliwan",
            "SightPartDefinition": "GD_Weap_SniperRifles.Sight.Sniper_Sight_Hyperion",
            "StockPartDefinition": "GD_Weap_SniperRifles.Stock.SR_Stock_Maliwan",
            "ElementalPartDefinition": "None",
            "Accessory1PartDefinition": "None",
            "Accessory2PartDefinition": "None",
            "MaterialPartDefinition": "GD_Weap_SniperRifles.ManufacturerMaterials.Mat_Gearbox_1",
            "PrefixPartDefinition": "GD_Weap_SniperRifles.Name.Prefix.Prefix__Gearbox",
            "TitlePartDefinition": "GD_Weap_SniperRifles.Name.Title_Jakobs.Title__SniperRifle",
            "GameStage": 1,
            "UniqueId": 757473038
        }
    ],
    "Itm_Equipped": [
        {
            "ItemDefinition": "GD_GrenadeMods.A_Item_Custom.GrenadeMod_SkyRocket",
            "BalanceDefinition": "GD_GrenadeMods.A_Item_Custom.GM_SkyRocket",
            "ManufacturerDefinition": "GD_Manufacturers.Manufacturers.Bandit",
            "ManufacturerGradeIndex": 0,
            "AlphaItemPartDefinition": "None",
            "BetaItemPartDefinition": "GD_GrenadeMods.Delivery.Delivery_SkyRocket",
            "GammaItemPartDefinition": "GD_GrenadeMods.Trigger.Trigger_Grade1",
            "DeltaItemPartDefinition": "GD_GrenadeMods.Accessory.Accessory_Incendiary_Grade1",
            "EpsilonItemPartDefinition": "GD_GrenadeMods.Damage.Damage_Grade4",
            "ZetaItemPartDefinition": "GD_GrenadeMods.DamageRadius.DamageRadius_Normal",
            "EtaItemPartDefinition": "None",
            "ThetaItemPartDefinition": "GD_GrenadeMods.StatusDamage.StatusDamage_Grade1",
            "MaterialItemPartDefinition": "GD_GrenadeMods.Material.Material_Bandit_3_Rare",
            "PrefixItemNamePartDefinition": "None",
            "TitleItemNamePartDefinition": "GD_GrenadeMods.Title.Title_SkyRocket",
            "GameStage": 1,
            "UniqueId": 164319927
        },
        {
            "ItemDefinition": "GD_Artifacts.A_Item_Unique.Artifact_VaultHunter",
            "BalanceDefinition": "GD_Artifacts.A_Item_Unique.A_VaultHunter",
            "ManufacturerDefinition": "GD_Manufacturers.Artifacts.Artifact_TypeA",
            "ManufacturerGradeIndex": 1,
            "AlphaItemPartDefinition": "GD_Artifacts.Enable1st.EnableFirst_Effect1",
            "BetaItemPartDefinition": "GD_Artifacts.Enable1st.EnableFirst_Effect2",
            "GammaItemPartDefinition": "None",
            "DeltaItemPartDefinition": "None",
            "EpsilonItemPartDefinition": "None",
            "ZetaItemPartDefinition": "None",
            "EtaItemPartDefinition": "GD_Artifacts.Body.Body_VaultHunter",
            "ThetaItemPartDefinition": "GD_Artifacts.Upgrade.Upgrade_Grade8",
            "MaterialItemPartDefinition": "None",
            "PrefixItemNamePartDefinition": "None",
            "TitleItemNamePartDefinition": "None",
            "GameStage": 1,
            "UniqueId": 1227776108
        }
    ],
    "Items": [
        {
            "ItemDefinition": "GD_DefaultProfiles.IntroEchos.ID_SoldierIntroECHO",
            "BalanceDefinition": "GD_DefaultProfiles.IntroEchos.BD_SoldierIntroEcho",
            "ManufacturerDefinition": "None",
            "ManufacturerGradeIndex": 0,
            "AlphaItemPartDefinition": "None",
            "BetaItemPartDefinition": "None",
            "GammaItemPartDefinition": "None",
            "DeltaItemPartDefinition": "None",
            "EpsilonItemPartDefinition": "None",
            "ZetaItemPartDefinition": "None",
            "EtaItemPartDefinition": "None",
            "ThetaItemPartDefinition": "None",
            "MaterialItemPartDefinition": "None",
            "PrefixItemNamePartDefinition": "None",
            "TitleItemNamePartDefinition": "None",
            "GameStage": 0,
            "UniqueId": 2121543869
        },
        {
            "ItemDefinition": "GD_Soldier_Items_MainGame.Soldier.Head_Soldier003",
            "BalanceDefinition": "GD_Soldier_Items_MainGame.BalanceDefs.Soldier_Head_Soldier003",
            "ManufacturerDefinition": "Transient.ManufacturerDefinition_0",
            "ManufacturerGradeIndex": 1,
            "AlphaItemPartDefinition": "None",
            "BetaItemPartDefinition": "None",
            "GammaItemPartDefinition": "None",
            "DeltaItemPartDefinition": "None",
            "EpsilonItemPartDefinition": "None",
            "ZetaItemPartDefinition": "None",
            "EtaItemPartDefinition": "None",
            "ThetaItemPartDefinition": "None",
            "MaterialItemPartDefinition": "None",
            "PrefixItemNamePartDefinition": "None",
            "TitleItemNamePartDefinition": "None",
            "GameStage": 1,
            "UniqueId": 1558918139
        },
        {
            "ItemDefinition": "GD_Soldier_Items_MainGame.Soldier.Skin_DigitalEd",
            "BalanceDefinition": "GD_Soldier_Items_MainGame.BalanceDefs.Soldier_Skin_DigitalEd",
            "ManufacturerDefinition": "Transient.ManufacturerDefinition_0",
            "ManufacturerGradeIndex": 1,
            "AlphaItemPartDefinition": "None",
            "BetaItemPartDefinition": "None",
            "GammaItemPartDefinition": "None",
            "DeltaItemPartDefinition": "None",
            "EpsilonItemPartDefinition": "None",
            "ZetaItemPartDefinition": "None",
            "EtaItemPartDefinition": "None",
            "ThetaItemPartDefinition": "None",
            "MaterialItemPartDefinition": "None",
            "PrefixItemNamePartDefinition": "None",
            "TitleItemNamePartDefinition": "None",
            "GameStage": 1,
            "UniqueId": 864910938
        }
    ],
    "Bank": {}
}