{"sanctuary_p": {"Create": {"StaticMesh": [{"Common_Meshes.CollisionPlane": {"Location": [11586.7138671875, 466.52490234375, 3599.539794921875], "Rotation": [-9800, 0, 0], "Scale": 1.0, "Scale3D": [1.149999976158142, 2.299999952316284, 0.23999999463558197], "Materials": ["FX_WEP_Decals.Junk.Mati_Junk_Impact_Decal"]}}, {"Prop_Bank.BankPillar": {"Location": [9050.740234375, 9199.6142578125, 3040.48095703125], "Rotation": [0, 0, 0], "Scale": 1.0, "Scale3D": [1.0, 1.0, 1.0], "Materials": []}}, {"Prop_Dartboards.Meshes.Dartboard": {"Location": [9079.84375, 9232.7587890625, 3380.395751953125], "Rotation": [0, 16500, 0], "Scale": 3.0999999046325684, "Scale3D": [1.0, 1.0, 1.0], "Materials": []}}, {"EngineMeshes.Cube": {"Location": [9115.46875, 9245.263671875, 3155.783447265625], "Rotation": [0, 0, 0], "Scale": 0.6800000071525574, "Scale3D": [1.0, 1.0, 1.0], "Materials": ["FX_GOR_Materials.Materials.Mati.Mat_Blood_Pool_INST01"]}}, {"Prop_Signs_02.Meshes.LoaderSignShoplifter": {"Location": [9030.1513671875, 9237.74609375, 3573.295166015625], "Rotation": [0, 16500, 0], "Scale": 0.9200000166893005, "Scale3D": [1.0, 1.0, 1.0], "Materials": []}}, {"Common_Meshes.CollisionPlane": {"Location": [11586.7138671875, 466.52490234375, 3599.539794921875], "Rotation": [-9800, 0, 0], "Scale": 1.0, "Scale3D": [1.149999976158142, 2.299999952316284, 0.23999999463558197], "Materials": ["FX_WEP_Decals.Junk.Mati_Junk_Impact_Decal"]}}, {"Prop_Bank.BankPillar": {"Location": [9050.740234375, 9199.6142578125, 3040.48095703125], "Rotation": [0, 0, 0], "Scale": 1.0, "Scale3D": [1.0, 1.0, 1.0], "Materials": []}}, {"Prop_Dartboards.Meshes.Dartboard": {"Location": [9079.84375, 9232.7587890625, 3380.395751953125], "Rotation": [0, 16500, 0], "Scale": 3.0999999046325684, "Scale3D": [1.0, 1.0, 1.0], "Materials": []}}, {"EngineMeshes.Cube": {"Location": [9115.46875, 9245.263671875, 3155.783447265625], "Rotation": [0, 0, 0], "Scale": 0.6800000071525574, "Scale3D": [1.0, 1.0, 1.0], "Materials": ["FX_GOR_Materials.Materials.Mati.Mat_Blood_Pool_INST01"]}}, {"Prop_Signs_02.Meshes.LoaderSignShoplifter": {"Location": [9030.1513671875, 9237.74609375, 3573.295166015625], "Rotation": [0, 16500, 0], "Scale": 0.9200000166893005, "Scale3D": [1.0, 1.0, 1.0], "Materials": []}}], "AIPawnBalanceDefinition": [{"GD_Population_Psycho.Balance.PawnBalance_TargetDummy_Target": {"Location": [9112.4599609375, 9232.576171875, 3329.126220703125], "Rotation": [0, 0, 0], "Scale": 1.0, "Scale3D": [1.0, 1.0, 1.0], "Materials": ["Char_HyperionWorker.Materials.Mati_ZedSurgeryPatient"]}}, {"GD_Population_Psycho.Balance.PawnBalance_TargetDummy_Target": {"Location": [9112.4599609375, 9232.576171875, 3329.126220703125], "Rotation": [0, 0, 0], "Scale": 1.0, "Scale3D": [1.0, 1.0, 1.0], "Materials": ["Char_HyperionWorker.Materials.Mati_ZedSurgeryPatient"]}}], "InteractiveObjectDefinition": [{"GD_Balance_Shopping.VendingMachineGrades.ObjectGrade_VendingMachine_Weapons": {"Location": [9628.2041015625, 8796.193359375, 3227.331787109375], "Rotation": [0, 16500, 0], "Scale": 1.0, "Scale3D": [1.0, 1.0, 1.0], "Materials": ["Prop_VendingMachines.Materials.Mati_MarcusVendingMachine", "Prop_VendingMachines.Materials.Mati_MarcusVendingFaceplate", "Common_Materials.Hyperion.Master_HyperionEye_INST"]}}, {"GD_Balance_Shopping.VendingMachineGrades.ObjectGrade_VendingMachine_GrenadesAndAmmo": {"Location": [9496.9140625, 8800.9287109375, 3231.017333984375], "Rotation": [0, 16500, 0], "Scale": 1.0, "Scale3D": [1.0, 1.0, 1.0], "Materials": ["Prop_VendingMachines.Materials.Mati_AmmoVendingMachine", "Prop_VendingMachines.Materials.Mati_AmmoVendingFaceplate", "Common_Materials.Hyperion.Master_HyperionEye_INST"]}}, {"GD_Balance_Shopping.VendingMachineGrades.ObjectGrade_VendingMachine_HealthItems": {"Location": [9289.0078125, 8800.6171875, 3228.453369140625], "Rotation": [0, 16500, 0], "Scale": 1.0, "Scale3D": [1.0, 1.0, 1.0], "Materials": ["Prop_VendingMachines.Materials.Mati_ZedVendingMachine", "Prop_VendingMachines.Materials.Mati_ZedVendingFaceplate", "Common_Materials.Hyperion.Master_HyperionEye_INST"]}}, {"GD_Balance_Shopping.VendingMachineGrades.ObjectGrade_VendingMachine_Weapons": {"Location": [9628.2041015625, 8796.193359375, 3227.331787109375], "Rotation": [0, 16500, 0], "Scale": 1.0, "Scale3D": [1.0, 1.0, 1.0], "Materials": ["Prop_VendingMachines.Materials.Mati_MarcusVendingMachine", "Prop_VendingMachines.Materials.Mati_MarcusVendingFaceplate", "Common_Materials.Hyperion.Master_HyperionEye_INST"]}}, {"GD_Balance_Shopping.VendingMachineGrades.ObjectGrade_VendingMachine_GrenadesAndAmmo": {"Location": [9496.9140625, 8800.9287109375, 3231.017333984375], "Rotation": [0, 16500, 0], "Scale": 1.0, "Scale3D": [1.0, 1.0, 1.0], "Materials": ["Prop_VendingMachines.Materials.Mati_AmmoVendingMachine", "Prop_VendingMachines.Materials.Mati_AmmoVendingFaceplate", "Common_Materials.Hyperion.Master_HyperionEye_INST"]}}, {"GD_Balance_Shopping.VendingMachineGrades.ObjectGrade_VendingMachine_HealthItems": {"Location": [9289.0078125, 8800.6171875, 3228.453369140625], "Rotation": [0, 16500, 0], "Scale": 1.0, "Scale3D": [1.0, 1.0, 1.0], "Materials": ["Prop_VendingMachines.Materials.Mati_ZedVendingMachine", "Prop_VendingMachines.Materials.Mati_ZedVendingFaceplate", "Common_Materials.Hyperion.Master_HyperionEye_INST"]}}, {"GD_GameSystemMachines.InteractiveObjects.CharacterCustomizationMachine": {"Location": [10407.4921875, 8830.935546875, 3238.781494140625], "Rotation": [0, 32500, 0], "Scale": 1.0, "Scale3D": [1.0, 0.5199999809265137, 1.0], "Materials": []}}]}}, "sanctuaryair_p": {"Create": {"StaticMesh": [{"Prop_Dartboards.Meshes.Dartboard": {"Location": [9078.8798828125, 9241.220703125, 3393.44775390625], "Rotation": [0, 16500, 0], "Scale": 3.009999990463257, "Scale3D": [1.0, 1.0, 1.0], "Materials": []}}, {"Prop_Signs_02.Meshes.LoaderSignShoplifter": {"Location": [9026.0859375, 9230.1513671875, 3556.366943359375], "Rotation": [0, 16400, 0], "Scale": 0.8100000023841858, "Scale3D": [1.0, 1.0, 1.0], "Materials": []}}, {"EngineMeshes.Cube": {"Location": [9120.9169921875, 9239.9541015625, 3157.12890625], "Rotation": [0, 0, 0], "Scale": 0.6499999761581421, "Scale3D": [1.0, 1.0, 1.0], "Materials": ["FX_GOR_Materials.Materials.Mati.Mat_Blood_Pool_INST03"]}}, {"Prop_Bank.BankPillar": {"Location": [9048.2392578125, 9210.91796875, 3037.003173828125], "Rotation": [0, 0, 0], "Scale": 1.0, "Scale3D": [1.0, 1.0, 1.0], "Materials": []}}, {"Common_Meshes.CollisionPlane": {"Location": [11557.8427734375, 526.8977661132812, 3578.323974609375], "Rotation": [-9700, 0, 0], "Scale": 1.0, "Scale3D": [1.600000023841858, 1.7699999809265137, 0.38999998569488525], "Materials": ["FX_WEP_Decals.Wood.Mati_Wood_Impact_Decal"]}}], "AIPawnBalanceDefinition": [{"GD_Population_Psycho.Balance.PawnBalance_TargetDummy_Target": {"Location": [9115.197265625, 9240.703125, 3322.0], "Rotation": [0, 0, 0], "Scale": 1.0, "Scale3D": [1.0, 1.0, 1.0], "Materials": ["Char_HyperionWorker.Materials.Mati_ZedSurgeryPatient"]}}], "InteractiveObjectDefinition": [{"GD_Balance_Shopping.VendingMachineGrades.ObjectGrade_VendingMachine_Weapons": {"Location": [9634.4755859375, 8809.0341796875, 3234.3212890625], "Rotation": [0, 16500, 0], "Scale": 1.0, "Scale3D": [1.0, 1.0, 1.0], "Materials": ["Prop_VendingMachines.Materials.Mati_MarcusVendingMachine", "Prop_VendingMachines.Materials.Mati_MarcusVendingFaceplate", "Common_Materials.Hyperion.Master_HyperionEye_INST"]}}, {"GD_Balance_Shopping.VendingMachineGrades.ObjectGrade_VendingMachine_GrenadesAndAmmo": {"Location": [9500.4716796875, 8807.0126953125, 3235.730712890625], "Rotation": [0, 16500, 0], "Scale": 1.0, "Scale3D": [1.0, 1.0, 1.0], "Materials": ["Prop_VendingMachines.Materials.Mati_AmmoVendingMachine", "Prop_VendingMachines.Materials.Mati_AmmoVendingFaceplate", "Common_Materials.Hyperion.Master_HyperionEye_INST"]}}, {"GD_Balance_Shopping.VendingMachineGrades.ObjectGrade_VendingMachine_HealthItems": {"Location": [9281.5615234375, 8803.873046875, 3232.861083984375], "Rotation": [0, 16600, 0], "Scale": 1.0, "Scale3D": [1.0, 1.0, 1.0], "Materials": ["Prop_VendingMachines.Materials.Mati_ZedVendingMachine", "Prop_VendingMachines.Materials.Mati_ZedVendingFaceplate", "Common_Materials.Hyperion.Master_HyperionEye_INST"]}}, {"GD_GameSystemMachines.InteractiveObjects.CharacterCustomizationMachine": {"Location": [10409.2119140625, 8835.6865234375, 3244.905029296875], "Rotation": [0, 33000, 0], "Scale": 1.0, "Scale3D": [1.0, 0.4099999964237213, 1.0], "Materials": []}}]}}}